run_id,group,last_train_step,last_eval_step,avg_at_8,pass_at_8
qwen3-4b-base-grpo-standard-r1-continue-20261003-01,continuation,200,200,0.17083333333333334,0.3333333333333333
qwen3-4b-base-grpo-relora-refresh-r1-continue-20261003-01,continuation,134,120,0.17083333333333334,0.4
qwen3-4b-base-grpo-relora-refresh-r1-20261003-01,ablation,98,80,0.17083333333333334,0.3
qwen3-4b-base-grpo-relora-r1-warmup0-20261002-01,ablation,100,100,0.17083333333333334,0.3
qwen3-4b-base-grpo-relora-r1-warmup5-20261002-01,ablation,100,100,0.15833333333333333,0.4
qwen3-4b-base-grpo-relora-r1-warmup5-20261001-01,ablation,39,20,0.0625,0.26666666666666666
qwen3-4b-base-grpo-loft-simple-r1-20261001-01,ablation,100,100,0.03333333333333333,0.2
qwen3-4b-base-grpo-nora-merge-r1-20260930-01,ablation,100,100,0.15,0.3
qwen3-4b-base-grpo-lorafa-r1-20260930-01,ablation,100,100,0.175,0.3333333333333333
qwen3-4b-base-grpo-lora-r1-nora-init-last18-20260929-01,ablation,100,100,0.15833333333333333,0.3
qwen3-4b-base-grpo-lora-r1-nora-init-20260928-01,ablation,100,100,0.17916666666666667,0.36666666666666664
qwen3-4b-base-grpo-lora-r1-last18-20260928-01,ablation,100,100,0.17916666666666667,0.3333333333333333
unorl-batchnorm-retain-truncated-20260926-01,ablation,100,100,0.14583333333333334,0.3
qwen3-4b-base-grpo-lora-r1-blog-20260923-01,primary,100,100,0.2,0.43333333333333335
qwen3-4b-base-reinforce-adamw-r1-b256-20260925-01,primary,100,100,0.14583333333333334,0.26666666666666666
qwen3-4b-base-reinforce-batchnorm-adamw-r1-b256-20260925-01,primary,100,100,0.17916666666666667,0.3
qwen3-4b-base-grpo-20260916-01,reference,100,100,0.17916666666666667,0.36666666666666664
qwen3-4b-base-conditional-20260916-01,historical,300,300,0.0,0.0
qwen3-4b-base-positive-only-20260918-01,historical,300,300,0.15416666666666667,0.3
qwen3-4b-base-ppo-lora-r1-valuewarmup-20260924-01,historical,38,25,0.0125,0.1
qwen3-4b-instruct-grpo-20260915-01,historical,12,0,0.45,0.6666666666666666
qwen3-4b-base-reinforce-batchnorm-r1-b256-20260925-02,confounded,100,100,0.020833333333333332,0.06666666666666667
qwen3-4b-base-reinforce-batchmean-b256-20260924-01,confounded,22,20,0.016666666666666666,0.13333333333333333
qwen3-4b-base-reinforce-tokenmean-b256-20260924-01,confounded,73,60,0.029166666666666667,0.13333333333333333
qwen3-4b-base-reinforce-lora-r1-blog-20260923-03,confounded,100,100,0.025,0.16666666666666666
qwen3-4b-base-reinforce-relora-gpu0-b16-m100-300-20260922-01,confounded,295,200,0.016666666666666666,0.06666666666666667
qwen3-4b-base-grpo-lora-r1-gpu0-20260923-01,incomplete,,,,
qwen3-4b-base-reinforce-batchnorm-r1-b256-20260925-01,incomplete,,,,
